{"namedChunkGroups":{"polyfill":{"name":"polyfill","assets":[{"name":"webpack-runtime-69353a74e57265912793.js","size":4936},{"name":"polyfill-fa6683f20fddcd258959.js","size":82613}],"filteredAssets":0,"assetsSize":87549,"filteredAuxiliaryAssets":2,"auxiliaryAssetsSize":220975},"app":{"name":"app","assets":[{"name":"webpack-runtime-69353a74e57265912793.js","size":4936},{"name":"styles.55aa9a4db3568b19c14e.css","size":1082},{"name":"framework-a84e3118b374a64c4208.js","size":128941},{"name":"app-d5e53823e454e6ce3cf9.js","size":65986}],"filteredAssets":0,"assetsSize":200945,"filteredAuxiliaryAssets":3,"auxiliaryAssetsSize":644880},"component---src-pages-404-js":{"name":"component---src-pages-404-js","assets":[{"name":"component---src-pages-404-js-ef0d23b637637cb70502.js","size":790}],"filteredAssets":0,"assetsSize":790,"filteredAuxiliaryAssets":1,"auxiliaryAssetsSize":1984},"component---src-pages-index-js":{"name":"component---src-pages-index-js","assets":[{"name":"styles.55aa9a4db3568b19c14e.css","size":1082},{"name":"component---src-pages-index-js-ecc178593c70930c598d.js","size":5166}],"filteredAssets":0,"assetsSize":6248,"filteredAuxiliaryAssets":1,"auxiliaryAssetsSize":4878},"component---src-pages-posts-markdown-remark-frontmatter-slug-js":{"name":"component---src-pages-posts-markdown-remark-frontmatter-slug-js","assets":[{"name":"styles.55aa9a4db3568b19c14e.css","size":1082},{"name":"component---src-pages-posts-markdown-remark-frontmatter-slug-js-c5b69a3a38b9510a44be.js","size":5048}],"filteredAssets":0,"assetsSize":6130,"filteredAuxiliaryAssets":1,"auxiliaryAssetsSize":4944}},"assetsByChunkName":{"polyfill":["webpack-runtime-69353a74e57265912793.js","polyfill-fa6683f20fddcd258959.js"],"app":["webpack-runtime-69353a74e57265912793.js","styles.55aa9a4db3568b19c14e.css","framework-a84e3118b374a64c4208.js","app-d5e53823e454e6ce3cf9.js"],"component---src-pages-404-js":["component---src-pages-404-js-ef0d23b637637cb70502.js"],"component---src-pages-index-js":["styles.55aa9a4db3568b19c14e.css","component---src-pages-index-js-ecc178593c70930c598d.js"],"component---src-pages-posts-markdown-remark-frontmatter-slug-js":["styles.55aa9a4db3568b19c14e.css","component---src-pages-posts-markdown-remark-frontmatter-slug-js-c5b69a3a38b9510a44be.js"]},"childAssetsByChunkName":{}}